相対グループ,側,対向平均相関,対向強度,テーマ,コード,銘柄名
相対グループ1,A,-0.54,強い対向,半導体・AIデータセンター・電子部品,285A,キオクシアホールディングス
相対グループ1,A,-0.54,強い対向,半導体・AIデータセンター・電子部品,3132,マクニカホールディングス
相対グループ1,A,-0.54,強い対向,半導体・AIデータセンター・電子部品,3436,ＳＵＭＣＯ
相対グループ1,A,-0.54,強い対向,半導体・AIデータセンター・電子部品,4004,レゾナック・ホールディングス
相対グループ1,A,-0.54,強い対向,半導体・AIデータセンター・電子部品,4062,イビデン
相対グループ1,A,-0.54,強い対向,半導体・AIデータセンター・電子部品,4063,信越化学工業
相対グループ1,A,-0.54,強い対向,半導体・AIデータセンター・電子部品,4186,東京応化工業
相対グループ1,A,-0.54,強い対向,半導体・AIデータセンター・電子部品,4980,デクセリアルズ
相対グループ1,A,-0.54,強い対向,半導体・AIデータセンター・電子部品,5344,ＭＡＲＵＷＡ
相対グループ1,A,-0.54,強い対向,半導体・AIデータセンター・電子部品,6146,ディスコ
相対グループ1,A,-0.54,強い対向,半導体・AIデータセンター・電子部品,6525,ＫＯＫＵＳＡＩ　ＥＬＥＣＴＲＩＣ
相対グループ1,A,-0.54,強い対向,半導体・AIデータセンター・電子部品,6526,ソシオネクスト
相対グループ1,A,-0.54,強い対向,半導体・AIデータセンター・電子部品,6723,ルネサスエレクトロニクス
相対グループ1,A,-0.54,強い対向,半導体・AIデータセンター・電子部品,6724,セイコーエプソン
相対グループ1,A,-0.54,強い対向,半導体・AIデータセンター・電子部品,6728,アルバック
相対グループ1,A,-0.54,強い対向,半導体・AIデータセンター・電子部品,6762,ＴＤＫ
相対グループ1,A,-0.54,強い対向,半導体・AIデータセンター・電子部品,6806,ヒロセ電機
相対グループ1,A,-0.54,強い対向,半導体・AIデータセンター・電子部品,6856,堀場製作所
相対グループ1,A,-0.54,強い対向,半導体・AIデータセンター・電子部品,6857,アドバンテスト
相対グループ1,A,-0.54,強い対向,半導体・AIデータセンター・電子部品,6920,レーザーテック
相対グループ1,A,-0.54,強い対向,半導体・AIデータセンター・電子部品,6963,ローム
相対グループ1,A,-0.54,強い対向,半導体・AIデータセンター・電子部品,6965,浜松ホトニクス
相対グループ1,A,-0.54,強い対向,半導体・AIデータセンター・電子部品,6971,京セラ
相対グループ1,A,-0.54,強い対向,半導体・AIデータセンター・電子部品,6976,太陽誘電
相対グループ1,A,-0.54,強い対向,半導体・AIデータセンター・電子部品,6981,村田製作所
相対グループ1,A,-0.54,強い対向,半導体・AIデータセンター・電子部品,6988,日東電工
相対グループ1,A,-0.54,強い対向,半導体・AIデータセンター・電子部品,7729,東京精密
相対グループ1,A,-0.54,強い対向,半導体・AIデータセンター・電子部品,7731,ニコン
相対グループ1,A,-0.54,強い対向,半導体・AIデータセンター・電子部品,7735,ＳＣＲＥＥＮホールディングス
相対グループ1,A,-0.54,強い対向,半導体・AIデータセンター・電子部品,7911,ＴＯＰＰＡＮホールディングス
相対グループ1,A,-0.54,強い対向,半導体・AIデータセンター・電子部品,7912,大日本印刷
相対グループ1,A,-0.54,強い対向,半導体・AIデータセンター・電子部品,8035,東京エレクトロン
相対グループ1,B,-0.54,強い対向,コンテンツ・IP・ゲーム・メディア・広告,3659,ネクソン
相対グループ1,B,-0.54,強い対向,コンテンツ・IP・ゲーム・メディア・広告,4324,電通グループ
相対グループ1,B,-0.54,強い対向,コンテンツ・IP・ゲーム・メディア・広告,4676,フジ・メディア・ホールディングス
相対グループ1,B,-0.54,強い対向,コンテンツ・IP・ゲーム・メディア・広告,4751,サイバーエージェント
相対グループ1,B,-0.54,強い対向,コンテンツ・IP・ゲーム・メディア・広告,6460,セガサミーホールディングス
相対グループ1,B,-0.54,強い対向,コンテンツ・IP・ゲーム・メディア・広告,6758,ソニーグループ
相対グループ1,B,-0.54,強い対向,コンテンツ・IP・ゲーム・メディア・広告,7832,バンダイナムコホールディングス
相対グループ1,B,-0.54,強い対向,コンテンツ・IP・ゲーム・メディア・広告,7867,タカラトミー
相対グループ1,B,-0.54,強い対向,コンテンツ・IP・ゲーム・メディア・広告,7951,ヤマハ
相対グループ1,B,-0.54,強い対向,コンテンツ・IP・ゲーム・メディア・広告,7974,任天堂
相対グループ1,B,-0.54,強い対向,コンテンツ・IP・ゲーム・メディア・広告,8136,サンリオ
相対グループ1,B,-0.54,強い対向,コンテンツ・IP・ゲーム・メディア・広告,9401,ＴＢＳホールディングス
相対グループ1,B,-0.54,強い対向,コンテンツ・IP・ゲーム・メディア・広告,9404,日本テレビホールディングス
相対グループ1,B,-0.54,強い対向,コンテンツ・IP・ゲーム・メディア・広告,9468,ＫＡＤＯＫＡＷＡ
相対グループ1,B,-0.54,強い対向,コンテンツ・IP・ゲーム・メディア・広告,9684,スクウェア・エニックス・ホールディングス
相対グループ1,B,-0.54,強い対向,コンテンツ・IP・ゲーム・メディア・広告,9697,カプコン
相対グループ1,B,-0.54,強い対向,コンテンツ・IP・ゲーム・メディア・広告,9766,コナミグループ
相対グループ2,A,-0.36,中程度の対向,生成AI・DX・クラウド・サイバーセキュリティ,2371,カカクコム
相対グループ2,A,-0.36,中程度の対向,生成AI・DX・クラウド・サイバーセキュリティ,3626,ＴＩＳＩ
相対グループ2,A,-0.36,中程度の対向,生成AI・DX・クラウド・サイバーセキュリティ,3774,インターネットイニシアティブ
相対グループ2,A,-0.36,中程度の対向,生成AI・DX・クラウド・サイバーセキュリティ,4307,野村総合研究所
相対グループ2,A,-0.36,中程度の対向,生成AI・DX・クラウド・サイバーセキュリティ,4684,オービック
相対グループ2,A,-0.36,中程度の対向,生成AI・DX・クラウド・サイバーセキュリティ,4689,ＬＩＮＥヤフー
相対グループ2,A,-0.36,中程度の対向,生成AI・DX・クラウド・サイバーセキュリティ,4704,トレンドマイクロ
相対グループ2,A,-0.36,中程度の対向,生成AI・DX・クラウド・サイバーセキュリティ,4716,日本オラクル
相対グループ2,A,-0.36,中程度の対向,生成AI・DX・クラウド・サイバーセキュリティ,4755,楽天グループ
相対グループ2,A,-0.36,中程度の対向,生成AI・DX・クラウド・サイバーセキュリティ,6501,日立製作所
相対グループ2,A,-0.36,中程度の対向,生成AI・DX・クラウド・サイバーセキュリティ,6532,ベイカレント
相対グループ2,A,-0.36,中程度の対向,生成AI・DX・クラウド・サイバーセキュリティ,6701,日本電気
相対グループ2,A,-0.36,中程度の対向,生成AI・DX・クラウド・サイバーセキュリティ,6702,富士通
相対グループ2,A,-0.36,中程度の対向,生成AI・DX・クラウド・サイバーセキュリティ,8056,ＢＩＰＲＯＧＹ
相対グループ2,A,-0.36,中程度の対向,生成AI・DX・クラウド・サイバーセキュリティ,9984,ソフトバンクグループ
相対グループ2,B,-0.36,中程度の対向,高機能素材・脱炭素素材・循環経済,3402,東レ
相対グループ2,B,-0.36,中程度の対向,高機能素材・脱炭素素材・循環経済,3405,クラレ
相対グループ2,B,-0.36,中程度の対向,高機能素材・脱炭素素材・循環経済,3407,旭化成
相対グループ2,B,-0.36,中程度の対向,高機能素材・脱炭素素材・循環経済,3861,王子ホールディングス
相対グループ2,B,-0.36,中程度の対向,高機能素材・脱炭素素材・循環経済,4005,住友化学
相対グループ2,B,-0.36,中程度の対向,高機能素材・脱炭素素材・循環経済,4021,日産化学
相対グループ2,B,-0.36,中程度の対向,高機能素材・脱炭素素材・循環経済,4042,東ソー
相対グループ2,B,-0.36,中程度の対向,高機能素材・脱炭素素材・循環経済,4182,三菱瓦斯化学
相対グループ2,B,-0.36,中程度の対向,高機能素材・脱炭素素材・循環経済,4183,三井化学
相対グループ2,B,-0.36,中程度の対向,高機能素材・脱炭素素材・循環経済,4188,三菱ケミカルグループ
相対グループ2,B,-0.36,中程度の対向,高機能素材・脱炭素素材・循環経済,4202,ダイセル
相対グループ2,B,-0.36,中程度の対向,高機能素材・脱炭素素材・循環経済,4403,日油
相対グループ2,B,-0.36,中程度の対向,高機能素材・脱炭素素材・循環経済,4612,日本ペイントホールディングス
相対グループ2,B,-0.36,中程度の対向,高機能素材・脱炭素素材・循環経済,4613,関西ペイント
相対グループ2,B,-0.36,中程度の対向,高機能素材・脱炭素素材・循環経済,5201,ＡＧＣ
相対グループ2,B,-0.36,中程度の対向,高機能素材・脱炭素素材・循環経済,5333,ＮＧＫ
相対グループ2,B,-0.36,中程度の対向,高機能素材・脱炭素素材・循環経済,5401,日本製鉄
相対グループ2,B,-0.36,中程度の対向,高機能素材・脱炭素素材・循環経済,5406,神戸製鋼所
相対グループ2,B,-0.36,中程度の対向,高機能素材・脱炭素素材・循環経済,5411,ＪＦＥホールディングス
相対グループ2,B,-0.36,中程度の対向,インフラ更新・住宅・都市再開発・防災,1801,大成建設
相対グループ2,B,-0.36,中程度の対向,インフラ更新・住宅・都市再開発・防災,1802,大林組
相対グループ2,B,-0.36,中程度の対向,インフラ更新・住宅・都市再開発・防災,1803,清水建設
相対グループ2,B,-0.36,中程度の対向,インフラ更新・住宅・都市再開発・防災,1808,長谷工コーポレーション
相対グループ2,B,-0.36,中程度の対向,インフラ更新・住宅・都市再開発・防災,1812,鹿島建設
相対グループ2,B,-0.36,中程度の対向,インフラ更新・住宅・都市再開発・防災,1878,大東建託
相対グループ2,B,-0.36,中程度の対向,インフラ更新・住宅・都市再開発・防災,1911,住友林業
相対グループ2,B,-0.36,中程度の対向,インフラ更新・住宅・都市再開発・防災,1925,大和ハウス工業
相対グループ2,B,-0.36,中程度の対向,インフラ更新・住宅・都市再開発・防災,1928,積水ハウス
相対グループ2,B,-0.36,中程度の対向,インフラ更新・住宅・都市再開発・防災,1944,きんでん
相対グループ2,B,-0.36,中程度の対向,インフラ更新・住宅・都市再開発・防災,3003,ヒューリック
相対グループ2,B,-0.36,中程度の対向,インフラ更新・住宅・都市再開発・防災,3231,野村不動産ホールディングス
相対グループ2,B,-0.36,中程度の対向,インフラ更新・住宅・都市再開発・防災,3288,オープンハウスグループ
相対グループ2,B,-0.36,中程度の対向,インフラ更新・住宅・都市再開発・防災,3289,東急不動産ホールディングス
相対グループ2,B,-0.36,中程度の対向,インフラ更新・住宅・都市再開発・防災,3291,飯田グループホールディングス
相対グループ2,B,-0.36,中程度の対向,インフラ更新・住宅・都市再開発・防災,4204,積水化学工業
相対グループ2,B,-0.36,中程度の対向,インフラ更新・住宅・都市再開発・防災,5233,太平洋セメント
相対グループ2,B,-0.36,中程度の対向,インフラ更新・住宅・都市再開発・防災,5332,ＴＯＴＯ
相対グループ2,B,-0.36,中程度の対向,インフラ更新・住宅・都市再開発・防災,5393,ニチアス
相対グループ2,B,-0.36,中程度の対向,インフラ更新・住宅・都市再開発・防災,5929,三和ホールディングス
相対グループ2,B,-0.36,中程度の対向,インフラ更新・住宅・都市再開発・防災,5938,ＬＩＸＩＬ
相対グループ2,B,-0.36,中程度の対向,インフラ更新・住宅・都市再開発・防災,5947,リンナイ
相対グループ2,B,-0.36,中程度の対向,インフラ更新・住宅・都市再開発・防災,8801,三井不動産
相対グループ2,B,-0.36,中程度の対向,インフラ更新・住宅・都市再開発・防災,8802,三菱地所
相対グループ2,B,-0.36,中程度の対向,インフラ更新・住宅・都市再開発・防災,8804,東京建物
相対グループ2,B,-0.36,中程度の対向,インフラ更新・住宅・都市再開発・防災,8830,住友不動産
相対グループ3,A,-0.63,強い対向,ロボティクス・FA・スマートファクトリー,6113,アマダ
相対グループ3,A,-0.63,強い対向,ロボティクス・FA・スマートファクトリー,6141,ＤＭＧ森精機
相対グループ3,A,-0.63,強い対向,ロボティクス・FA・スマートファクトリー,6273,ＳＭＣ
相対グループ3,A,-0.63,強い対向,ロボティクス・FA・スマートファクトリー,6301,小松製作所
相対グループ3,A,-0.63,強い対向,ロボティクス・FA・スマートファクトリー,6302,住友重機械工業
相対グループ3,A,-0.63,強い対向,ロボティクス・FA・スマートファクトリー,6305,日立建機
相対グループ3,A,-0.63,強い対向,ロボティクス・FA・スマートファクトリー,6383,ダイフク
相対グループ3,A,-0.63,強い対向,ロボティクス・FA・スマートファクトリー,6448,ブラザー工業
相対グループ3,A,-0.63,強い対向,ロボティクス・FA・スマートファクトリー,6481,ＴＨＫ
相対グループ3,A,-0.63,強い対向,ロボティクス・FA・スマートファクトリー,6503,三菱電機
相対グループ3,A,-0.63,強い対向,ロボティクス・FA・スマートファクトリー,6506,安川電機
相対グループ3,A,-0.63,強い対向,ロボティクス・FA・スマートファクトリー,6645,オムロン
相対グループ3,A,-0.63,強い対向,ロボティクス・FA・スマートファクトリー,6841,横河電機
相対グループ3,A,-0.63,強い対向,ロボティクス・FA・スマートファクトリー,6861,キーエンス
相対グループ3,A,-0.63,強い対向,ロボティクス・FA・スマートファクトリー,6954,ファナック
相対グループ3,A,-0.63,強い対向,ロボティクス・FA・スマートファクトリー,9962,ミスミグループ本社
相対グループ3,B,-0.63,強い対向,小売・EC・生活防衛・消費ブランド,2670,エービーシー・マート
相対グループ3,B,-0.63,強い対向,小売・EC・生活防衛・消費ブランド,3038,神戸物産
相対グループ3,B,-0.63,強い対向,小売・EC・生活防衛・消費ブランド,3088,マツキヨココカラ＆カンパニー
相対グループ3,B,-0.63,強い対向,小売・EC・生活防衛・消費ブランド,3092,ＺＯＺＯ
相対グループ3,B,-0.63,強い対向,小売・EC・生活防衛・消費ブランド,3349,コスモス薬品
相対グループ3,B,-0.63,強い対向,小売・EC・生活防衛・消費ブランド,3382,セブン＆アイ・ホールディングス
相対グループ3,B,-0.63,強い対向,小売・EC・生活防衛・消費ブランド,3391,ツルハホールディングス
相対グループ3,B,-0.63,強い対向,小売・EC・生活防衛・消費ブランド,4385,メルカリ
相対グループ3,B,-0.63,強い対向,小売・EC・生活防衛・消費ブランド,4452,花王
相対グループ3,B,-0.63,強い対向,小売・EC・生活防衛・消費ブランド,4912,ライオン
相対グループ3,B,-0.63,強い対向,小売・EC・生活防衛・消費ブランド,7453,良品計画
相対グループ3,B,-0.63,強い対向,小売・EC・生活防衛・消費ブランド,7532,パン・パシフィック・インターナショナルホールディングス
相対グループ3,B,-0.63,強い対向,小売・EC・生活防衛・消費ブランド,8113,ユニ・チャーム
相対グループ3,B,-0.63,強い対向,小売・EC・生活防衛・消費ブランド,8227,しまむら
相対グループ3,B,-0.63,強い対向,小売・EC・生活防衛・消費ブランド,8252,丸井グループ
相対グループ3,B,-0.63,強い対向,小売・EC・生活防衛・消費ブランド,8267,イオン
相対グループ3,B,-0.63,強い対向,小売・EC・生活防衛・消費ブランド,9843,ニトリホールディングス
相対グループ3,B,-0.63,強い対向,小売・EC・生活防衛・消費ブランド,9983,ファーストリテイリング
相対グループ3,B,-0.63,強い対向,小売・EC・生活防衛・消費ブランド,9989,サンドラッグ
相対グループ4,A,-0.26,弱めの対向,防衛・航空宇宙・国土強靱化・セキュリティ,2331,ＡＬＳＯＫ
相対グループ4,A,-0.26,弱めの対向,防衛・航空宇宙・国土強靱化・セキュリティ,5631,日本製鋼所
相対グループ4,A,-0.26,弱めの対向,防衛・航空宇宙・国土強靱化・セキュリティ,7011,三菱重工業
相対グループ4,A,-0.26,弱めの対向,防衛・航空宇宙・国土強靱化・セキュリティ,7012,川崎重工業
相対グループ4,A,-0.26,弱めの対向,防衛・航空宇宙・国土強靱化・セキュリティ,7013,ＩＨＩ
相対グループ4,A,-0.26,弱めの対向,防衛・航空宇宙・国土強靱化・セキュリティ,9735,セコム
相対グループ4,B,-0.26,弱めの対向,インバウンド・旅行・レジャー・鉄道,3086,Ｊ．フロント　リテイリング
相対グループ4,B,-0.26,弱めの対向,インバウンド・旅行・レジャー・鉄道,3099,三越伊勢丹ホールディングス
相対グループ4,B,-0.26,弱めの対向,インバウンド・旅行・レジャー・鉄道,4661,オリエンタルランド
相対グループ4,B,-0.26,弱めの対向,インバウンド・旅行・レジャー・鉄道,4911,資生堂
相対グループ4,B,-0.26,弱めの対向,インバウンド・旅行・レジャー・鉄道,6417,ＳＡＮＫＹＯ
相対グループ4,B,-0.26,弱めの対向,インバウンド・旅行・レジャー・鉄道,7936,アシックス
相対グループ4,B,-0.26,弱めの対向,インバウンド・旅行・レジャー・鉄道,8233,高島屋
相対グループ4,B,-0.26,弱めの対向,インバウンド・旅行・レジャー・鉄道,9001,東武鉄道
相対グループ4,B,-0.26,弱めの対向,インバウンド・旅行・レジャー・鉄道,9005,東急
相対グループ4,B,-0.26,弱めの対向,インバウンド・旅行・レジャー・鉄道,9007,小田急電鉄
相対グループ4,B,-0.26,弱めの対向,インバウンド・旅行・レジャー・鉄道,9008,京王電鉄
相対グループ4,B,-0.26,弱めの対向,インバウンド・旅行・レジャー・鉄道,9009,京成電鉄
相対グループ4,B,-0.26,弱めの対向,インバウンド・旅行・レジャー・鉄道,9020,東日本旅客鉄道
相対グループ4,B,-0.26,弱めの対向,インバウンド・旅行・レジャー・鉄道,9021,西日本旅客鉄道
相対グループ4,B,-0.26,弱めの対向,インバウンド・旅行・レジャー・鉄道,9022,東海旅客鉄道
相対グループ4,B,-0.26,弱めの対向,インバウンド・旅行・レジャー・鉄道,9023,東京地下鉄
相対グループ4,B,-0.26,弱めの対向,インバウンド・旅行・レジャー・鉄道,9024,西武ホールディングス
相対グループ4,B,-0.26,弱めの対向,インバウンド・旅行・レジャー・鉄道,9041,近鉄グループホールディングス
相対グループ4,B,-0.26,弱めの対向,インバウンド・旅行・レジャー・鉄道,9042,阪急阪神ホールディングス
相対グループ4,B,-0.26,弱めの対向,インバウンド・旅行・レジャー・鉄道,9048,名古屋鉄道
相対グループ4,B,-0.26,弱めの対向,インバウンド・旅行・レジャー・鉄道,9142,九州旅客鉄道
相対グループ4,B,-0.26,弱めの対向,インバウンド・旅行・レジャー・鉄道,9201,日本航空
相対グループ4,B,-0.26,弱めの対向,インバウンド・旅行・レジャー・鉄道,9202,ＡＮＡホールディングス
相対グループ4,B,-0.26,弱めの対向,インバウンド・旅行・レジャー・鉄道,9602,東宝
相対グループ4,B,-0.26,弱めの対向,インバウンド・旅行・レジャー・鉄道,9706,日本空港ビルデング
相対グループ5,A,-0.11,対向性は限定的,EV・自動運転・次世代モビリティ,4732,ユー・エス・エス
相対グループ5,A,-0.11,対向性は限定的,EV・自動運転・次世代モビリティ,5101,横浜ゴム
相対グループ5,A,-0.11,対向性は限定的,EV・自動運転・次世代モビリティ,5108,ブリヂストン
相対グループ5,A,-0.11,対向性は限定的,EV・自動運転・次世代モビリティ,5334,日本特殊陶業
相対グループ5,A,-0.11,対向性は限定的,EV・自動運転・次世代モビリティ,6471,日本精工
相対グループ5,A,-0.11,対向性は限定的,EV・自動運転・次世代モビリティ,6479,ミネベアミツミ
相対グループ5,A,-0.11,対向性は限定的,EV・自動運転・次世代モビリティ,6752,パナソニック　ホールディングス
相対グループ5,A,-0.11,対向性は限定的,EV・自動運転・次世代モビリティ,6770,アルプスアルパイン
相対グループ5,A,-0.11,対向性は限定的,EV・自動運転・次世代モビリティ,6902,デンソー
相対グループ5,A,-0.11,対向性は限定的,EV・自動運転・次世代モビリティ,6923,スタンレー電気
相対グループ5,A,-0.11,対向性は限定的,EV・自動運転・次世代モビリティ,7201,日産自動車
相対グループ5,A,-0.11,対向性は限定的,EV・自動運転・次世代モビリティ,7202,いすゞ自動車
相対グループ5,A,-0.11,対向性は限定的,EV・自動運転・次世代モビリティ,7203,トヨタ自動車
相対グループ5,A,-0.11,対向性は限定的,EV・自動運転・次世代モビリティ,7259,アイシン
相対グループ5,A,-0.11,対向性は限定的,EV・自動運転・次世代モビリティ,7261,マツダ
相対グループ5,A,-0.11,対向性は限定的,EV・自動運転・次世代モビリティ,7267,本田技研工業
相対グループ5,A,-0.11,対向性は限定的,EV・自動運転・次世代モビリティ,7269,スズキ
相対グループ5,A,-0.11,対向性は限定的,EV・自動運転・次世代モビリティ,7270,ＳＵＢＡＲＵ
相対グループ5,A,-0.11,対向性は限定的,EV・自動運転・次世代モビリティ,7272,ヤマハ発動機
相対グループ5,A,-0.11,対向性は限定的,EV・自動運転・次世代モビリティ,7276,小糸製作所
相対グループ5,A,-0.11,対向性は限定的,EV・自動運転・次世代モビリティ,7988,ニフコ
相対グループ5,B,-0.11,対向性は限定的,商社・物流・海運・グローバル供給網,2768,双日
相対グループ5,B,-0.11,対向性は限定的,商社・物流・海運・グローバル供給網,6178,日本郵政
相対グループ5,B,-0.11,対向性は限定的,商社・物流・海運・グローバル供給網,8001,伊藤忠商事
相対グループ5,B,-0.11,対向性は限定的,商社・物流・海運・グローバル供給網,8002,丸紅
相対グループ5,B,-0.11,対向性は限定的,商社・物流・海運・グローバル供給網,8015,豊田通商
相対グループ5,B,-0.11,対向性は限定的,商社・物流・海運・グローバル供給網,8031,三井物産
相対グループ5,B,-0.11,対向性は限定的,商社・物流・海運・グローバル供給網,8053,住友商事
相対グループ5,B,-0.11,対向性は限定的,商社・物流・海運・グローバル供給網,8058,三菱商事
相対グループ5,B,-0.11,対向性は限定的,商社・物流・海運・グローバル供給網,9064,ヤマトホールディングス
相対グループ5,B,-0.11,対向性は限定的,商社・物流・海運・グローバル供給網,9101,日本郵船
相対グループ5,B,-0.11,対向性は限定的,商社・物流・海運・グローバル供給網,9104,商船三井
相対グループ5,B,-0.11,対向性は限定的,商社・物流・海運・グローバル供給網,9107,川崎汽船
相対グループ5,B,-0.11,対向性は限定的,商社・物流・海運・グローバル供給網,9143,ＳＧホールディングス
相対グループ5,B,-0.11,対向性は限定的,商社・物流・海運・グローバル供給網,9147,ＮＩＰＰＯＮ　ＥＸＰＲＥＳＳホールディングス
相対グループ5,B,-0.11,対向性は限定的,商社・物流・海運・グローバル供給網,9301,三菱倉庫
相対グループ6,A,-0.47,中程度の対向,エネルギー安全保障・資源・GX・電力網,1605,ＩＮＰＥＸ
相対グループ6,A,-0.47,中程度の対向,エネルギー安全保障・資源・GX・電力網,4088,エア・ウォーター
相対グループ6,A,-0.47,中程度の対向,エネルギー安全保障・資源・GX・電力網,4091,日本酸素ホールディングス
相対グループ6,A,-0.47,中程度の対向,エネルギー安全保障・資源・GX・電力網,5016,ＪＸ金属
相対グループ6,A,-0.47,中程度の対向,エネルギー安全保障・資源・GX・電力網,5019,出光興産
相対グループ6,A,-0.47,中程度の対向,エネルギー安全保障・資源・GX・電力網,5020,ＥＮＥＯＳホールディングス
相対グループ6,A,-0.47,中程度の対向,エネルギー安全保障・資源・GX・電力網,5021,コスモエネルギーホールディングス
相対グループ6,A,-0.47,中程度の対向,エネルギー安全保障・資源・GX・電力網,5706,三井金属
相対グループ6,A,-0.47,中程度の対向,エネルギー安全保障・資源・GX・電力網,5711,三菱マテリアル
相対グループ6,A,-0.47,中程度の対向,エネルギー安全保障・資源・GX・電力網,5713,住友金属鉱山
相対グループ6,A,-0.47,中程度の対向,エネルギー安全保障・資源・GX・電力網,6269,三井海洋開発
相対グループ6,A,-0.47,中程度の対向,エネルギー安全保障・資源・GX・電力網,6504,富士電機
相対グループ6,A,-0.47,中程度の対向,エネルギー安全保障・資源・GX・電力網,8088,岩谷産業
相対グループ6,A,-0.47,中程度の対向,エネルギー安全保障・資源・GX・電力網,9501,東京電力ホールディングス
相対グループ6,A,-0.47,中程度の対向,エネルギー安全保障・資源・GX・電力網,9502,中部電力
相対グループ6,A,-0.47,中程度の対向,エネルギー安全保障・資源・GX・電力網,9503,関西電力
相対グループ6,A,-0.47,中程度の対向,エネルギー安全保障・資源・GX・電力網,9504,中国電力
相対グループ6,A,-0.47,中程度の対向,エネルギー安全保障・資源・GX・電力網,9506,東北電力
相対グループ6,A,-0.47,中程度の対向,エネルギー安全保障・資源・GX・電力網,9508,九州電力
相対グループ6,A,-0.47,中程度の対向,エネルギー安全保障・資源・GX・電力網,9513,電源開発
相対グループ6,A,-0.47,中程度の対向,エネルギー安全保障・資源・GX・電力網,9531,東京瓦斯
相対グループ6,A,-0.47,中程度の対向,エネルギー安全保障・資源・GX・電力網,9532,大阪瓦斯
相対グループ6,A,-0.47,中程度の対向,エネルギー安全保障・資源・GX・電力網,9533,東邦瓦斯
相対グループ6,B,-0.47,中程度の対向,人的資本・働き方改革・B2B生産性,2181,パーソルホールディングス
相対グループ6,B,-0.47,中程度の対向,人的資本・働き方改革・B2B生産性,3064,ＭｏｎｏｔａＲＯ
相対グループ6,B,-0.47,中程度の対向,人的資本・働き方改革・B2B生産性,4768,大塚商会
相対グループ6,B,-0.47,中程度の対向,人的資本・働き方改革・B2B生産性,6098,リクルートホールディングス
相対グループ6,B,-0.47,中程度の対向,人的資本・働き方改革・B2B生産性,7752,リコー
相対グループ7,A,-0.33,中程度の対向,ヘルスケア・創薬・医療機器・健康長寿,2413,エムスリー
相対グループ7,A,-0.33,中程度の対向,ヘルスケア・創薬・医療機器・健康長寿,2784,アルフレッサ　ホールディングス
相対グループ7,A,-0.33,中程度の対向,ヘルスケア・創薬・医療機器・健康長寿,4151,協和キリン
相対グループ7,A,-0.33,中程度の対向,ヘルスケア・創薬・医療機器・健康長寿,4502,武田薬品工業
相対グループ7,A,-0.33,中程度の対向,ヘルスケア・創薬・医療機器・健康長寿,4503,アステラス製薬
相対グループ7,A,-0.33,中程度の対向,ヘルスケア・創薬・医療機器・健康長寿,4507,塩野義製薬
相対グループ7,A,-0.33,中程度の対向,ヘルスケア・創薬・医療機器・健康長寿,4519,中外製薬
相対グループ7,A,-0.33,中程度の対向,ヘルスケア・創薬・医療機器・健康長寿,4523,エーザイ
相対グループ7,A,-0.33,中程度の対向,ヘルスケア・創薬・医療機器・健康長寿,4527,ロート製薬
相対グループ7,A,-0.33,中程度の対向,ヘルスケア・創薬・医療機器・健康長寿,4528,小野薬品工業
相対グループ7,A,-0.33,中程度の対向,ヘルスケア・創薬・医療機器・健康長寿,4536,参天製薬
相対グループ7,A,-0.33,中程度の対向,ヘルスケア・創薬・医療機器・健康長寿,4540,ツムラ
相対グループ7,A,-0.33,中程度の対向,ヘルスケア・創薬・医療機器・健康長寿,4543,テルモ
相対グループ7,A,-0.33,中程度の対向,ヘルスケア・創薬・医療機器・健康長寿,4568,第一三共
相対グループ7,A,-0.33,中程度の対向,ヘルスケア・創薬・医療機器・健康長寿,4578,大塚ホールディングス
相対グループ7,A,-0.33,中程度の対向,ヘルスケア・創薬・医療機器・健康長寿,4901,富士フイルムホールディングス
相対グループ7,A,-0.33,中程度の対向,ヘルスケア・創薬・医療機器・健康長寿,4967,小林製薬
相対グループ7,A,-0.33,中程度の対向,ヘルスケア・創薬・医療機器・健康長寿,6849,日本光電工業
相対グループ7,A,-0.33,中程度の対向,ヘルスケア・創薬・医療機器・健康長寿,6869,シスメックス
相対グループ7,A,-0.33,中程度の対向,ヘルスケア・創薬・医療機器・健康長寿,7459,メディパルホールディングス
相対グループ7,A,-0.33,中程度の対向,ヘルスケア・創薬・医療機器・健康長寿,7701,島津製作所
相対グループ7,A,-0.33,中程度の対向,ヘルスケア・創薬・医療機器・健康長寿,7733,オリンパス
相対グループ7,A,-0.33,中程度の対向,ヘルスケア・創薬・医療機器・健康長寿,7741,ＨＯＹＡ
相対グループ7,A,-0.33,中程度の対向,ヘルスケア・創薬・医療機器・健康長寿,7747,朝日インテック
相対グループ7,A,-0.33,中程度の対向,ヘルスケア・創薬・医療機器・健康長寿,9987,スズケン
相対グループ7,B,-0.33,中程度の対向,通信インフラ・6G・光ファイバー,1721,コムシスホールディングス
相対グループ7,B,-0.33,中程度の対向,通信インフラ・6G・光ファイバー,5801,古河電気工業
相対グループ7,B,-0.33,中程度の対向,通信インフラ・6G・光ファイバー,5802,住友電気工業
相対グループ7,B,-0.33,中程度の対向,通信インフラ・6G・光ファイバー,5803,フジクラ
相対グループ7,B,-0.33,中程度の対向,通信インフラ・6G・光ファイバー,9432,ＮＴＴ
相対グループ7,B,-0.33,中程度の対向,通信インフラ・6G・光ファイバー,9433,ＫＤＤＩ
相対グループ7,B,-0.33,中程度の対向,通信インフラ・6G・光ファイバー,9434,ソフトバンク
相対グループ7,B,-0.33,中程度の対向,通信インフラ・6G・光ファイバー,9435,光通信
相対グループ8,A,-0.49,中程度の対向,食料安全保障・食品ブランド・外食,2002,日清製粉グループ本社
相対グループ8,A,-0.49,中程度の対向,食料安全保障・食品ブランド・外食,2267,ヤクルト本社
相対グループ8,A,-0.49,中程度の対向,食料安全保障・食品ブランド・外食,2269,明治ホールディングス
相対グループ8,A,-0.49,中程度の対向,食料安全保障・食品ブランド・外食,2282,日本ハム
相対グループ8,A,-0.49,中程度の対向,食料安全保障・食品ブランド・外食,2501,サッポロビール
相対グループ8,A,-0.49,中程度の対向,食料安全保障・食品ブランド・外食,2502,アサヒグループホールディングス
相対グループ8,A,-0.49,中程度の対向,食料安全保障・食品ブランド・外食,2503,キリンホールディングス
相対グループ8,A,-0.49,中程度の対向,食料安全保障・食品ブランド・外食,2587,サントリービバレッジ＆フード
相対グループ8,A,-0.49,中程度の対向,食料安全保障・食品ブランド・外食,2702,日本マクドナルドホールディングス
相対グループ8,A,-0.49,中程度の対向,食料安全保障・食品ブランド・外食,2801,キッコーマン
相対グループ8,A,-0.49,中程度の対向,食料安全保障・食品ブランド・外食,2802,味の素
相対グループ8,A,-0.49,中程度の対向,食料安全保障・食品ブランド・外食,2809,キユーピー
相対グループ8,A,-0.49,中程度の対向,食料安全保障・食品ブランド・外食,2871,ニチレイ
相対グループ8,A,-0.49,中程度の対向,食料安全保障・食品ブランド・外食,2875,東洋水産
相対グループ8,A,-0.49,中程度の対向,食料安全保障・食品ブランド・外食,2897,日清食品ホールディングス
相対グループ8,A,-0.49,中程度の対向,食料安全保障・食品ブランド・外食,2914,日本たばこ産業
相対グループ8,A,-0.49,中程度の対向,食料安全保障・食品ブランド・外食,3197,すかいらーくホールディングス
相対グループ8,A,-0.49,中程度の対向,食料安全保障・食品ブランド・外食,3563,ＦＯＯＤ　＆　ＬＩＦＥ　ＣＯＭＰＡＮＩＥＳ
相対グループ8,A,-0.49,中程度の対向,食料安全保障・食品ブランド・外食,6326,クボタ
相対グループ8,A,-0.49,中程度の対向,食料安全保障・食品ブランド・外食,6465,ホシザキ
相対グループ8,A,-0.49,中程度の対向,食料安全保障・食品ブランド・外食,7550,ゼンショーホールディングス
相対グループ8,B,-0.49,中程度の対向,水・空調・省エネ・環境ソリューション,6005,三浦工業
相対グループ8,B,-0.49,中程度の対向,水・空調・省エネ・環境ソリューション,6361,荏原製作所
相対グループ8,B,-0.49,中程度の対向,水・空調・省エネ・環境ソリューション,6367,ダイキン工業
相対グループ8,B,-0.49,中程度の対向,水・空調・省エネ・環境ソリューション,6370,栗田工業
相対グループ8,B,-0.49,中程度の対向,水・空調・省エネ・環境ソリューション,6845,アズビル
相対グループ9,A,-0.16,弱めの対向,金利正常化・銀行・保険・資産運用・決済,3769,ＧＭＯペイメントゲートウェイ
相対グループ9,A,-0.16,弱めの対向,金利正常化・銀行・保険・資産運用・決済,5831,しずおかフィナンシャルグループ
相対グループ9,A,-0.16,弱めの対向,金利正常化・銀行・保険・資産運用・決済,5838,楽天銀行
相対グループ9,A,-0.16,弱めの対向,金利正常化・銀行・保険・資産運用・決済,5844,京都フィナンシャルグループ
相対グループ9,A,-0.16,弱めの対向,金利正常化・銀行・保険・資産運用・決済,7167,めぶきフィナンシャルグループ
相対グループ9,A,-0.16,弱めの対向,金利正常化・銀行・保険・資産運用・決済,7181,かんぽ生命保険
相対グループ9,A,-0.16,弱めの対向,金利正常化・銀行・保険・資産運用・決済,7182,ゆうちょ銀行
相対グループ9,A,-0.16,弱めの対向,金利正常化・銀行・保険・資産運用・決済,7186,横浜フィナンシャルグループ
相対グループ9,A,-0.16,弱めの対向,金利正常化・銀行・保険・資産運用・決済,8253,クレディセゾン
相対グループ9,A,-0.16,弱めの対向,金利正常化・銀行・保険・資産運用・決済,8304,あおぞら銀行
相対グループ9,A,-0.16,弱めの対向,金利正常化・銀行・保険・資産運用・決済,8306,三菱ＵＦＪフィナンシャル・グループ
相対グループ9,A,-0.16,弱めの対向,金利正常化・銀行・保険・資産運用・決済,8308,りそなホールディングス
相対グループ9,A,-0.16,弱めの対向,金利正常化・銀行・保険・資産運用・決済,8309,三井住友トラストグループ
相対グループ9,A,-0.16,弱めの対向,金利正常化・銀行・保険・資産運用・決済,8316,三井住友フィナンシャルグループ
相対グループ9,A,-0.16,弱めの対向,金利正常化・銀行・保険・資産運用・決済,8331,千葉銀行
相対グループ9,A,-0.16,弱めの対向,金利正常化・銀行・保険・資産運用・決済,8334,群馬銀行
相対グループ9,A,-0.16,弱めの対向,金利正常化・銀行・保険・資産運用・決済,8354,ふくおかフィナンシャルグループ
相対グループ9,A,-0.16,弱めの対向,金利正常化・銀行・保険・資産運用・決済,8359,八十二長野銀行
相対グループ9,A,-0.16,弱めの対向,金利正常化・銀行・保険・資産運用・決済,8377,ほくほくフィナンシャルグループ
相対グループ9,A,-0.16,弱めの対向,金利正常化・銀行・保険・資産運用・決済,8411,みずほフィナンシャルグループ
相対グループ9,A,-0.16,弱めの対向,金利正常化・銀行・保険・資産運用・決済,8473,ＳＢＩホールディングス
相対グループ9,A,-0.16,弱めの対向,金利正常化・銀行・保険・資産運用・決済,8591,オリックス
相対グループ9,A,-0.16,弱めの対向,金利正常化・銀行・保険・資産運用・決済,8593,三菱ＨＣキャピタル
相対グループ9,A,-0.16,弱めの対向,金利正常化・銀行・保険・資産運用・決済,8601,大和証券グループ本社
相対グループ9,A,-0.16,弱めの対向,金利正常化・銀行・保険・資産運用・決済,8604,野村ホールディングス
相対グループ9,A,-0.16,弱めの対向,金利正常化・銀行・保険・資産運用・決済,8630,ＳＯＭＰＯホールディングス
相対グループ9,A,-0.16,弱めの対向,金利正常化・銀行・保険・資産運用・決済,8697,日本取引所グループ
相対グループ9,A,-0.16,弱めの対向,金利正常化・銀行・保険・資産運用・決済,8725,ＭＳ＆ＡＤインシュアランスグループホールディングス
相対グループ9,A,-0.16,弱めの対向,金利正常化・銀行・保険・資産運用・決済,8729,ソニーフィナンシャルグループ
相対グループ9,A,-0.16,弱めの対向,金利正常化・銀行・保険・資産運用・決済,8750,第一ライフグループ
相対グループ9,A,-0.16,弱めの対向,金利正常化・銀行・保険・資産運用・決済,8766,東京海上ホールディングス
相対グループ9,A,-0.16,弱めの対向,金利正常化・銀行・保険・資産運用・決済,8795,Ｔ＆Ｄホールディングス
相対グループ9,B,-0.16,弱めの対向,世界シェア・高付加価値ものづくり,6586,マキタ
相対グループ9,B,-0.16,弱めの対向,世界シェア・高付加価値ものづくり,7309,シマノ
相対グループ9,B,-0.16,弱めの対向,世界シェア・高付加価値ものづくり,7751,キヤノン
